{
  "lessons": [
    {
      "title": "What is Trading?",
      "resource": "https://www.youtube.com/watch?v=VIDEO1"
    },
    {
      "title": "How Charts Work",
      "resource": "https://www.youtube.com/watch?v=VIDEO2"
    },
    {
      "title": "Support and Resistance",
      "resource": "https://drive.google.com/file/d/FILE1/view"
    },
    {
      "title": "Risk Management",
      "resource": "https://drive.google.com/file/d/FILE2/view"
    },
    {
      "title": "Candlestick Patterns",
      "resource": "https://www.youtube.com/watch?v=VIDEO3"
    }
  ]
}